layers; 3; 5; 7; 2
6.511720306169311E-4; -0.1439432454283095; -0.10307126000776001; 0.3891165632111122; -0.4991602957714638
0.10156777099344372; -0.4537749944004441; -0.11494054656539487; 0.44950569199132817; -0.49369982177166305
0.4245922837113283; -0.05460339450154972; 0.09818114432462599; 0.3309151707179606; -0.4913226069153249
0.0; 0.0; 0.0; 0.0; 0.0

-0.48042552458176835; 0.0065118486193976866; -0.38668496912328665; -0.27745574924538285; 0.1987268361493606; -0.3531882483237744; 0.16588970892559096
-0.3194263303668978; -0.00533511839654166; 0.3388776559249338; 0.2580266046482267; -0.3259551891405462; -0.22376436146026624; -0.3621609280371204
0.2689352765720563; -0.39373161115045263; -0.37902928648524015; 0.234850967434464; -0.4662588200204799; 0.4426813087257775; -0.47230311319513285
0.369059731635204; -0.13498990536710798; -0.45653904360904474; 0.03969801517171534; -0.1856996317339863; -0.11229196376749295; -0.025289767593236423
0.24532138922622937; 0.253206345469163; -0.3504088085991989; 0.24768953853608922; -0.36025354956984734; -0.2615819927651728; -0.40904474011892367
0.0; 0.0; 0.0; 0.0; 0.0; 0.0; 0.0

0.025870816518298145; -0.2834183789782331
0.03916363599824835; -0.2856236691075521
0.0768700208791453; -0.1799358093185387
0.10818876303097713; 0.47907699481701005
-0.21950633875146686; 0.24356539988979475
-0.4280020691574059; 0.2046035457488562
0.06976040124034022; -0.4961327760981208
0.0; 0.0