layers;3;4;6;1
0.45961062336168357; -0.4487691371940815; 0.2756197797635618; 0.0662936278487467
0.4022892426731193; -0.09113375919567845; -0.05447106124127743; -0.28432926498290034
-0.12142432565115402; 0.055817319484728345; 0.474322591560681; -0.30376426871866746
0.0; 0.0; 0.0; 0.0

0.27018085077373477; -0.25064041653691393; 0.3106785482792095; -0.1019020324791311; 0.03780819833592841; -0.10597872420978194
0.0877101765402295; 0.21670913584525064; 0.2273586875843342; -0.04718734989456286; -0.23131279325366427; 0.4087445205649478
0.28251254248799795; -0.4442346099504195; 0.2132928400766162; -0.041060522736134364; 0.16211255607229047; 0.007313116956434662
-0.2182548600064177; -0.2039827807747603; -0.3161059386672631; -0.46140843598723336; 0.490633023590193; -0.1549032262687703
0.0; 0.0; 0.0; 0.0; 0.0; 0.0

-0.26991096443148965
0.17401681413593195
-0.36979244825027136
-0.36883295104499403
0.2666517657447969
-0.11971251074508737
0.0